ID,Category
1000 - Copy - Copy,glacier
10113,buildings
10144,street
10151,sea
10161,mountain
10210,forest
1024,forest
1025,forest
10318,forest
10374,forest
10383,forest
1040 - Copy - Copy,sea
10448 - Copy - Copy,sea
10524 - Copy - Copy,street
10540 - Copy - Copy,mountain
10547 - Copy - Copy,glacier
10563,sea
10564,mountain
10613 - Copy - Copy,glacier
10633 - Copy - Copy,glacier
10643 - Copy - Copy,forest
1067 - Copy (2),sea
1067 - Copy - Copy,sea
1069 - Copy,sea
10691 - Copy - Copy,sea
10697 - Copy - Copy,forest
1085 - Copy (2) - Copy,glacier
10925 - Copy - Copy,forest
10927 - Copy - Copy,glacier
1093 - Copy,sea
10938 - Copy - Copy,sea
10972 - Copy - Copy,glacier
10985 - Copy - Copy,street
11019 - Copy - Copy,forest
11027 - Copy - Copy,mountain
1103 - Copy (2) - Copy,street
11085,glacier
11086 - Copy - Copy,sea
11089,glacier
11096 - Copy - Copy,street
11116 - Copy - Copy,sea
1115,sea
11154 - Copy - Copy,street
11165 - Copy,mountain
11169 - Copy - Copy,mountain
11177 - Copy,sea
11185 - Copy,sea
11200 - Copy,sea
11217 - Copy,forest
11241 - Copy,sea
11283 - Copy,mountain
11287 - Copy,glacier
1133 - Copy (2),glacier
1133 - Copy - Copy - Copy,glacier
11333 - Copy,glacier
11368 - Copy,forest
11385 - Copy,glacier
11426 - Copy,glacier
11432 - Copy,glacier
11438 - Copy,sea
11455 - Copy,glacier
11456 - Copy,glacier
11468 - Copy,sea
11475 - Copy,glacier
11482 - Copy,forest
11487,mountain
11515 - Copy,mountain
1177 - Copy (2) - Copy,glacier
11807 - Copy,mountain
11810 - Copy,glacier
11844 - Copy,mountain
11859 - Copy,sea
11861 - Copy,mountain
11880 - Copy,forest
11888 - Copy,sea
1189 - Copy (2) - Copy,mountain
11905 - Copy,glacier
11922 - Copy,glacier
11932,sea
11969,forest
11974 - Copy,mountain
11980 - Copy,sea
12059,forest
12126,forest
12129,forest
12213,forest
12218 - Copy,sea
12252 - Copy,mountain
12256 - Copy,mountain
1229 - Copy (2) - Copy,mountain
1233 - Copy (2) - Copy,mountain
12339 - Copy,street
12353 - Copy,forest
1237 - Copy - Copy,mountain
12391 - Copy,glacier
12400 - Copy,sea
12404,forest
1243 - Copy (2) - Copy,sea
12506,forest
12518 - Copy,mountain
1252 - Copy (2),mountain
1252 - Copy - Copy,mountain
12522 - Copy,mountain
12526,sea
12529,mountain
12534,mountain
12539,sea
12548,forest
12572,buildings
12576,sea
12580,glacier
12647,glacier
12657,forest
12660,sea
12664,forest
12672,forest
12691,glacier
12761,glacier
1284 - Copy - Copy,mountain
12913,buildings
12955,glacier
13048,sea
13052,mountain
13056,glacier
13059,glacier
13083,glacier
1311 - Copy,mountain
1314 - Copy - Copy,glacier
1317 - Copy,street
13191 - Copy,sea
1325 - Copy,mountain
13258 - Copy,forest
13315,glacier
1333 - Copy - Copy - Copy,buildings
13368 - Copy - Copy,sea
13371 - Copy,sea
13396 - Copy - Copy,street
1343 - Copy,glacier
13463,forest
13474 - Copy,sea
13492 - Copy - Copy,forest
13650 - Copy - Copy,street
13655 - Copy - Copy,street
13659 - Copy - Copy,glacier
1366 - Copy (2),street
13682 - Copy - Copy,street
13747 - Copy - Copy,street
13750 - Copy - Copy,sea
13791 - Copy - Copy,street
13793 - Copy - Copy,street
13794 - Copy - Copy,forest
1391 - Copy - Copy (3),mountain
14371,sea
14488,forest
14510,glacier
14584,street
146 - Copy,sea
14686,sea
14714,mountain
1473 - Copy,sea
14803 - Copy,sea
14825 - Copy,mountain
14831 - Copy,mountain
14833 - Copy,forest
14836 - Copy,sea
14861,forest
14872,street
14873,glacier
14917,glacier
14920,glacier
14931,street
14980,forest
15037,forest
15055 - Copy,glacier
15058,glacier
15059 - Copy,sea
15096 - Copy,sea
15097 - Copy,street
15124 - Copy,forest
15214 - Copy,sea
1558 - Copy,mountain
1559 - Copy - Copy,mountain
16013 - Copy,glacier
1607 - Copy,mountain
16157 - Copy,street
16175 - Copy,forest
1621 - Copy,glacier
16253 - Copy,forest
16258 - Copy,glacier
16261 - Copy,glacier
164 - Copy - Copy,forest
16525 - Copy - Copy,street
166 - Copy - Copy,mountain
16703 - Copy,mountain
1685 - Copy - Copy,sea
16913,forest
16927,buildings
16932 - Copy,glacier
16975,forest
16977,forest
17034,forest
17102,mountain
17141,forest
17144,forest
17205,street
17207,forest
17214,forest
17222,forest
17240,mountain
17242,mountain
17277,mountain
17317,sea
17378,sea
17379,mountain
17396,forest
17454,forest
17464,forest
17586,forest
17615,forest
17617,glacier
17725,street
17740 - Copy,glacier
17756,sea
17767,mountain
17864 - Copy,forest
17868 - Copy,glacier
17906 - Copy,forest
17932 - Copy,glacier
18072 - Copy,sea
1813 - Copy,sea
18157 - Copy,glacier
18166 - Copy,sea
18234 - Copy,forest
18235 - Copy,buildings
1825 - Copy - Copy,sea
1826 - Copy - Copy,sea
18283 - Copy,mountain
18289 - Copy,mountain
18331 - Copy,mountain
18335 - Copy,glacier
18419 - Copy,mountain
18456 - Copy,sea
18496 - Copy,glacier
18550 - Copy,buildings
18593 - Copy,sea
18668 - Copy,glacier
18756 - Copy,sea
18758 - Copy,forest
18854 - Copy,forest
18883 - Copy,sea
18945,forest
18947,forest
18955,street
18992 - Copy,glacier
19075,forest
1909 - Copy,mountain
19122,mountain
19127 - Copy,sea
19140,forest
19144,sea
19150 - Copy,mountain
19153 - Copy,forest
19156,sea
19171,mountain
19176,sea
19185,glacier
19187,glacier
19196,mountain
192 - Copy - Copy,street
19267,glacier
19293 - Copy,glacier
19294,mountain
19304,sea
19323,mountain
19328,sea
19359,forest
19398,forest
19407 - Copy,street
19447 - Copy,mountain
19584 - Copy,forest
19638 - Copy,buildings
19693,sea
197 - Copy - Copy,street
19705,glacier
19789 - Copy,street
19854,sea
19896 - Copy,glacier
19901 - Copy,mountain
19913 - Copy,glacier
19937,sea
19967,sea
20027 - Copy,mountain
2005 - Copy,mountain
20054 - Copy,mountain
20056,forest
20057,buildings
20058,sea
20059,glacier
20060,glacier
20061,mountain
20062,glacier
20064,glacier
20066,sea
20067,glacier
20068,mountain
20069,street
20070,street
20071,mountain
20072,glacier
20073,forest
20074,sea
20075,street
20076,forest
20077,glacier
20078,sea
20079,forest
20080,street
20081,sea
20082,forest
20083,mountain
20084,street
20085,mountain
20087,glacier
20088,sea
20089,forest
20090,street
20091,forest
20092,mountain
20093,sea
20094,street
20095,sea
20096,sea
20098,forest
20099,glacier
20100,forest
20106,glacier
20107,forest
20108,forest
20109,forest
20111,mountain
20112,mountain
20113,forest
20114,sea
20115,mountain
20116,buildings
20117,sea
20120,mountain
20123,mountain
20124,forest
20126,sea
20127,forest
20129,mountain
20131,glacier
20133,sea
20134,forest
20136,glacier
20137,street
20138,mountain
20140,forest
20142,sea
20144,mountain
20147,forest
20148,buildings
20150,glacier
20151,forest
20152,sea
20153,mountain
20154,mountain
20157,glacier
20158,forest
20159,glacier
20160,sea
20161,street
20162,forest
20163,sea
20164,street
20165,buildings
20166,forest
20167,forest
20168,sea
20170,glacier
20171,glacier
20172,sea
20173,forest
20174,mountain
20175,forest
20176,sea
20177,mountain
20178,forest
20179,sea
20181,sea
20183,street
20184,forest
20185,glacier
20186,forest
20187,glacier
20189,mountain
20190,sea
20191,mountain
20194,forest
20195,sea
20198,glacier
20202,mountain
20204,glacier
20206,sea
20207,sea
20209,sea
20210,mountain
20211,sea
20212,sea
20216,street
20218,glacier
20221,street
20222,street
20225,sea
20226,mountain
20227,sea
20228,sea
20229,sea
20230,glacier
20231,forest
20232,mountain
20234,sea
20236,sea
20238,street
20240,sea
20241,street
20242,street
20243,mountain
20245,sea
20246,forest
20247,sea
20249,glacier
20250,forest
20252,forest
20253,sea
20255,forest
20256,glacier
20257,forest
20259,forest
20260,forest
20261,forest
20264,forest
20265,glacier
20266,buildings
20267,mountain
20268,glacier
20269,forest
20270,street
20271,sea
20272,mountain
20273,sea
20274,forest
20275,glacier
20276,mountain
20277,mountain
20281,sea
20282,mountain
20283,sea
20285,sea
20286,street
20287,glacier
20288,forest
20289,forest
20292,glacier
20293,forest
20294,buildings
20296,forest
20297,forest
20299,forest
20300,mountain
20303,street
20304,mountain
20305,forest
20306,street
20307,buildings
20309,mountain
20310,buildings
20311,forest
20313,mountain
20314,mountain
20315,forest
20316,mountain
20317,glacier
20318,glacier
20319,forest
20320,glacier
20322,forest
20326,mountain
20327,glacier
20328,forest
20329,forest
20330,forest
20331,forest
20332,forest
20333,glacier
20334,glacier
20335,mountain
20336,street
20337,forest
20341,sea
20342,glacier
20343,street
20344,mountain
20345,sea
20346,street
20347,forest
20348,forest
20350,glacier
20352,sea
20353,forest
20355,mountain
20356,street
20357,forest
20358,sea
20359,street
20362,glacier
20363,mountain
20365,forest
20366,street
20367,mountain
20370,forest
20371,sea
20372,glacier
20373,glacier
20374,sea
20378,forest
20379,forest
20380,mountain
20382,mountain
20383,glacier
20384,forest
20386,sea
20387,forest
20388,forest
20389,forest
20390,sea
20392,mountain
20393,glacier
20394,glacier
20395,mountain
20397,mountain
20398,glacier
20400,forest
20401,forest
20402,sea
20405,glacier
20406,glacier
20408,street
20409,glacier
20411,forest
20413,mountain
20414,mountain
20416,mountain
20417,forest
20418,glacier
20419,sea
20421,mountain
20423,glacier
20424,sea
20425,street
20427,mountain
20430,forest
20431,street
20432,street
20433,glacier
20435,mountain
20436,forest
20438,mountain
20439,forest
20440,glacier
20441,street
20443,sea
20444,forest
20446,sea
20447,forest
20448,street
20449,forest
20450,street
20454,glacier
20455,sea
20457,mountain
20458,glacier
20459,forest
20460,mountain
20461,glacier
20464,mountain
20465,sea
20467,glacier
20472,sea
20473,mountain
20474,glacier
20475,glacier
20476,sea
20477,sea
20479,glacier
20480,forest
20482,sea
20484,sea
20485,forest
20486,glacier
20487,mountain
20489,glacier
20490,glacier
20491,sea
20493,forest
20494,sea
20495,glacier
20497,mountain
20498,street
20502,glacier
20504,sea
20508,sea
20510,forest
20511,sea
20512,mountain
20513,glacier
20515,sea
20516,mountain
20517,glacier
20519,mountain
20520,forest
20522,sea
20524,mountain
20527,mountain
20528,sea
20530,sea
20531,sea
20533,forest
20534,glacier
20535,glacier
20536,glacier
20537,mountain
20539,sea
20540,glacier
20541,glacier
20544,forest
20545,mountain
20546,buildings
20549,mountain
20550,sea
20553,forest
20554,mountain
20555,mountain
20556,forest
20558,forest
20559,mountain
20560,sea
20561,street
20563,forest
20564,sea
20565,mountain
20566,glacier
20567,mountain
20568,forest
20570,sea
20571,sea
20572,glacier
20574,forest
20575,forest
20576,forest
20577,glacier
20580,sea
20581,sea
20582,forest
20584,mountain
20585,glacier
20586,buildings
20587,buildings
20589,mountain
20590,sea
20591,forest
20592,street
20595,mountain
20596,sea
20597,forest
20598,glacier
20599,mountain
20601,sea
20602,street
20603,glacier
20605,forest
20606,mountain
20608,mountain
20611,sea
20612,mountain
20613,mountain
20615,street
20616,glacier
20617,mountain
20619,sea
20620,sea
20621,forest
20622,sea
20624,sea
20626,glacier
20627,sea
20628,mountain
20629,mountain
20630,glacier
20631,sea
20633,sea
20634,forest
20635,glacier
20637,mountain
20638,forest
20639,forest
20640,sea
20642,forest
20643,glacier
20644,forest
20646,glacier
20647,glacier
20648,buildings
20649,glacier
20650,forest
20651,mountain
20652,sea
20653,street
20655,forest
20657,sea
20658,sea
20660,glacier
20662,glacier
20663,buildings
20664,glacier
20665,mountain
20666,sea
20668,mountain
20670,sea
20671,glacier
20672,mountain
20674,forest
20676,mountain
20677,street
20678,sea
20679,glacier
20680,mountain
20683,forest
20684,mountain
20685,forest
20686,forest
20687,forest
20688,sea
20690,forest
20691,mountain
20692,glacier
20694,glacier
20695,sea
20696,mountain
20702,mountain
20703,mountain
20704,sea
20705,mountain
20706,sea
20709,mountain
20710,sea
20712,glacier
20713,glacier
20714,forest
20717,forest
20718,forest
20719,sea
20720,glacier
20722,mountain
20723,buildings
20725,mountain
20726,mountain
20728,forest
20730,sea
20731,forest
20732,sea
20733,glacier
20734,sea
20735,glacier
20737,sea
20738,sea
20739,sea
20740,mountain
20741,sea
20742,glacier
20745,sea
20746,mountain
20748,forest
20750,forest
20751,sea
20752,glacier
20753,sea
20754,forest
20756,forest
20757,mountain
20759,glacier
20761,forest
20762,sea
20763,sea
20764,forest
20765,sea
20766,buildings
20767,mountain
20769,forest
20770,mountain
20771,forest
20774,sea
20776,mountain
20777,street
20779,forest
20781,mountain
20782,forest
20783,glacier
20785,forest
20788,glacier
20794,forest
20796,street
20798,glacier
20799,sea
20800,forest
20801,forest
20802,glacier
20804,glacier
20805,glacier
20806,glacier
20807,street
20808,street
20810,mountain
20811,sea
20812,street
20813,mountain
20815,sea
20816,mountain
20818,sea
20819,sea
20820,glacier
20821,sea
20822,sea
20825,forest
20826,forest
20828,mountain
20831,sea
20832,mountain
20833,forest
20834,glacier
20835,street
20838,street
20840,sea
20841,sea
20842,glacier
20843,forest
20844,sea
20846,street
20847,glacier
20848,street
20851,mountain
20853,forest
20854,glacier
20856,buildings
20857,glacier
20858,forest
20860,glacier
20863,street
20864,street
20866,sea
20867,mountain
20868,glacier
20869,mountain
20870,mountain
20871,mountain
20872,street
20873,glacier
20874,mountain
20876,glacier
20878,glacier
20879,sea
20882,buildings
20884,glacier
20885,forest
20887,glacier
20888,forest
20889,sea
20890,sea
20892,mountain
20893,sea
20894,forest
20895,forest
20896,sea
20897,mountain
20898,sea
20899,forest
20900,forest
20903,sea
20904,buildings
20905,sea
20906,glacier
20907,forest
20908,glacier
20909,sea
20910,glacier
20911,sea
20915,forest
20916,sea
20917,glacier
20918,mountain
20921,forest
20922,sea
20924,mountain
20925,mountain
20926,street
20927,glacier
20928,forest
20929,forest
20930,forest
20931,mountain
20933,glacier
20934,street
20935,forest
20937,mountain
20938,forest
20940,sea
20941,mountain
20942,forest
20944,glacier
20946,forest
20947,forest
20948,glacier
20949,glacier
20950,sea
20952,forest
20953,glacier
20954,forest
20955,sea
20958,street
20959,mountain
20960,glacier
20961,mountain
20962,street
20963,forest
20965,sea
20966,mountain
20968,sea
20970,street
20971,mountain
20972,street
20974,sea
20975,glacier
20976,mountain
20978,street
20980,mountain
20981,forest
20982,glacier
20983,glacier
20984,street
20985,glacier
20986,glacier
20988,glacier
20989,street
20991,glacier
20992,mountain
20994,mountain
20995,street
20996,forest
20998,glacier
20999,sea
21000,sea
21001,forest
21004,street
21006,sea
21007,mountain
21008,glacier
21011,sea
21012,street
21013,mountain
21014,sea
21016,sea
21017,buildings
21018,forest
21019,sea
21020,forest
21022,sea
21024,sea
21025,mountain
21027,forest
21032,mountain
21034,forest
21035,sea
21036,mountain
21037,glacier
21038,forest
21040,mountain
21041,sea
21042,sea
21043,sea
21044,sea
21045,mountain
21046,forest
21047,sea
21049,glacier
21052,forest
21053,glacier
21054,street
21055,mountain
21058,sea
21059,glacier
21060,glacier
21061,sea
21062,sea
21063,glacier
21064,glacier
21065,mountain
21066,sea
21067,sea
21069,glacier
21073,sea
21076,sea
21077,street
21078,glacier
21081,forest
21083,sea
21085,glacier
21086,forest
21087,forest
21090,glacier
21091,forest
21092,sea
21093,forest
21095,forest
21096,mountain
21097,sea
21098,sea
21099,buildings
21100,forest
21101,forest
21102,mountain
21104,mountain
21105,forest
21106,forest
21107,street
21108,street
21115,mountain
21118,glacier
21119,sea
21120,street
21121,mountain
21123,sea
21125,street
21126,forest
21128,forest
21129,forest
21130,glacier
21135,sea
21136,sea
21137,forest
21138,sea
21139,forest
21141,sea
21142,street
21143,forest
21144,sea
21146,glacier
21148,sea
21149,sea
21150,forest
21151,mountain
21152,forest
21153,mountain
21154,mountain
21155,glacier
21156,sea
21158,street
21159,street
21161,mountain
21162,mountain
21163,glacier
21167,mountain
21168,buildings
21169,forest
21170,mountain
21173,mountain
21174,street
21175,street
21176,glacier
21177,forest
21179,forest
21182,mountain
21183,sea
21185,street
21186,street
21187,forest
21191,mountain
21192,sea
21196,forest
21197,glacier
21198,forest
21199,mountain
21200,forest
21201,mountain
21203,forest
21206,forest
21207,forest
21209,forest
21210,glacier
21212,forest
21213,glacier
21214,mountain
21215,glacier
21216,forest
21217,glacier
21220,street
21221,mountain
21222,glacier
21224,sea
21225,mountain
21226,mountain
21227,glacier
21229,mountain
21230,glacier
21231,mountain
21232,street
21233,sea
21234,mountain
21236,mountain
21237,street
21238,forest
21239,glacier
21240,forest
21241,glacier
21242,forest
21243,mountain
21244,sea
21245,street
21246,glacier
21247,mountain
21248,forest
21250,forest
21254,forest
21255,mountain
21256,mountain
21257,sea
21258,sea
21259,sea
21260,forest
21262,buildings
21263,mountain
21266,mountain
21269,mountain
21271,glacier
21272,forest
21274,glacier
21276,forest
21277,forest
21278,glacier
21279,buildings
21280,mountain
21281,forest
21285,forest
21286,glacier
21287,forest
21288,glacier
21290,sea
21291,sea
21292,glacier
21293,forest
21294,sea
21296,glacier
21297,forest
21298,sea
21301,glacier
21302,mountain
21303,glacier
21304,sea
21305,forest
21306,mountain
21307,glacier
21309,buildings
21310,forest
21311,glacier
21313,mountain
21314,mountain
21316,forest
21317,street
21318,buildings
21319,mountain
21320,glacier
21325,forest
21328,forest
21329,mountain
21334,forest
21336,forest
21339,glacier
21340,mountain
21341,glacier
21342,sea
21343,sea
21344,sea
21345,glacier
21347,forest
21348,sea
21349,glacier
21350,forest
21352,forest
21353,sea
21354,buildings
21355,mountain
21356,mountain
21357,glacier
21358,forest
21359,mountain
21360,buildings
21361,sea
21362,forest
21363,glacier
21364,forest
21366,forest
21367,buildings
21368,mountain
21369,mountain
21371,street
21373,forest
21375,forest
21376,mountain
21377,mountain
21378,sea
21380,forest
21381,mountain
21383,buildings
21385,mountain
21386,sea
21387,buildings
21389,mountain
21390,buildings
21392,mountain
21393,mountain
21396,mountain
21399,mountain
21400,mountain
21401,sea
21405,mountain
21406,sea
21407,mountain
21409,glacier
21410,forest
21411,glacier
21412,glacier
21414,forest
21415,mountain
21417,mountain
21418,mountain
21419,forest
21421,sea
21422,forest
21423,mountain
21426,mountain
21427,mountain
21428,sea
21430,sea
21431,forest
21432,sea
21433,forest
21434,mountain
21435,forest
21437,glacier
21442,mountain
21443,street
21445,glacier
21447,mountain
21448,sea
21450,sea
21452,glacier
21453,mountain
21454,forest
21455,glacier
21456,sea
21458,forest
21459,forest
21461,mountain
21462,forest
21463,street
21464,sea
21465,glacier
21466,street
21468,mountain
21469,sea
21470,mountain
21472,glacier
21473,glacier
21475,glacier
21476,sea
21478,glacier
21479,sea
21480,mountain
21481,glacier
21483,street
21484,forest
21485,buildings
21486,mountain
21488,mountain
21490,glacier
21491,forest
21492,glacier
21494,forest
21496,sea
21497,forest
21498,mountain
21499,mountain
21501,glacier
21503,forest
21504,street
21505,forest
21506,mountain
21507,sea
21510,sea
21512,sea
21513,sea
21514,forest
21516,forest
21517,mountain
21518,mountain
21519,sea
21522,street
21524,glacier
21525,glacier
21526,forest
21527,mountain
21529,forest
21533,sea
21535,sea
21537,forest
21538,forest
21539,forest
21542,forest
21543,sea
21544,mountain
21545,mountain
21546,sea
21547,sea
21551,glacier
21553,forest
21554,mountain
21555,sea
21556,glacier
21557,sea
21558,street
21559,street
21560,forest
21563,glacier
21564,forest
21568,sea
21569,forest
21570,glacier
21572,sea
21573,glacier
21574,forest
21575,glacier
21576,forest
21578,mountain
21580,forest
21581,forest
21583,sea
21584,forest
21586,forest
21587,street
21589,buildings
21591,mountain
21592,street
21593,glacier
21596,sea
21597,glacier
21598,sea
21599,sea
21600,mountain
21601,street
21603,mountain
21604,forest
21605,glacier
21607,glacier
21609,glacier
21610,sea
21611,sea
21612,sea
21613,glacier
21614,forest
21615,mountain
21617,forest
21618,forest
21620,street
21621,glacier
21623,glacier
21624,sea
21627,glacier
21630,mountain
21631,glacier
21632,sea
21633,mountain
21634,street
21635,glacier
21638,sea
21639,mountain
21640,street
21641,mountain
21643,sea
21644,street
21645,street
21646,mountain
21647,sea
21648,sea
21649,glacier
21650,glacier
21651,glacier
21653,sea
21655,sea
21656,buildings
21657,sea
21658,street
21659,mountain
2166 - Copy - Copy,street
21660,forest
21662,forest
21663,sea
21664,sea
21665,sea
21666,glacier
21669,buildings
21670,sea
21671,glacier
21674,street
21675,mountain
21676,mountain
21677,sea
21678,forest
21680,forest
21682,sea
21683,glacier
21684,glacier
21685,forest
21686,mountain
21688,glacier
21689,sea
21691,sea
21694,mountain
21695,glacier
21697,mountain
21699,sea
21701,mountain
21702,street
21703,sea
21706,sea
21707,forest
21710,sea
21711,sea
21712,glacier
21714,sea
21715,forest
21717,glacier
21719,forest
21720,mountain
21721,street
21722,mountain
21723,sea
21724,mountain
21725,sea
21726,sea
21727,sea
21729,glacier
21730,mountain
21731,forest
21734,mountain
21735,forest
21736,forest
21737,glacier
21738,mountain
21740,glacier
21743,forest
21744,glacier
21745,mountain
21747,glacier
21749,forest
2175 - Copy,forest
21750,glacier
21751,glacier
21754,glacier
21756,sea
21759,forest
21761,mountain
21762,sea
21763,forest
21764,forest
21765,sea
21766,street
21768,glacier
21769,sea
21770,sea
21771,glacier
21772,mountain
21774,sea
21775,mountain
21776,glacier
21777,mountain
21779,sea
21780,street
21781,mountain
21783,forest
21784,mountain
21787,forest
21788,sea
21789,mountain
21790,mountain
21792,forest
21793,forest
21794,mountain
21797,sea
21798,street
21799,sea
21800,forest
21801,forest
21804,sea
21805,mountain
21806,forest
21807,mountain
21808,mountain
21810,mountain
21811,glacier
21812,glacier
21813,mountain
21814,forest
21816,mountain
21817,glacier
21818,street
21819,mountain
21824,glacier
21826,sea
21827,sea
21828,buildings
21829,mountain
21832,glacier
21837,glacier
21840,mountain
21841,glacier
21842,street
21843,forest
21844,mountain
21845,glacier
21846,mountain
21849,glacier
21851,sea
21852,forest
21853,glacier
21855,sea
21856,glacier
21857,street
21858,forest
21859,glacier
21860,glacier
21861,glacier
21862,sea
21864,street
21865,glacier
21866,forest
21868,sea
21870,sea
21872,glacier
21873,forest
21874,glacier
21875,sea
21876,mountain
21879,sea
21881,glacier
21884,street
21885,forest
21887,forest
21889,forest
21890,forest
21892,street
21893,sea
21894,forest
21895,mountain
21896,mountain
21897,sea
21898,glacier
21900,street
21903,sea
21904,forest
21905,sea
21906,glacier
21907,sea
21908,street
21909,mountain
21910,forest
21911,street
21912,mountain
21913,street
21915,mountain
21916,sea
21917,sea
21918,sea
21919,forest
21921,forest
21923,buildings
21924,glacier
21926,glacier
21929,mountain
21932,glacier
21933,glacier
21934,glacier
21935,glacier
21936,sea
21937,sea
21940,sea
21941,forest
21942,mountain
21943,mountain
21945,forest
21947,street
21948,sea
21949,forest
21950,glacier
21954,forest
21955,glacier
21956,street
21957,sea
21959,mountain
21960,mountain
21961,sea
21962,mountain
21964,forest
21965,forest
21967,glacier
21970,mountain
21972,sea
21973,glacier
21977,buildings
21978,sea
21979,mountain
21981,mountain
21982,glacier
21983,mountain
21984,mountain
21985,sea
21986,glacier
21987,sea
21989,sea
21990,forest
21991,mountain
21992,buildings
21993,sea
21994,forest
21995,mountain
21996,glacier
21999,glacier
22000,street
22001,glacier
22003,street
22004,forest
22005,street
22009,glacier
22011,glacier
22012,mountain
22014,forest
22015,glacier
22017,buildings
22019,sea
22020,glacier
22021,mountain
22022,glacier
22024,street
22025,glacier
22026,glacier
22027,mountain
22028,street
22029,mountain
22030,mountain
22031,sea
22032,street
22034,mountain
22035,mountain
22036,sea
22037,mountain
22038,mountain
22040,sea
22042,mountain
22043,glacier
22045,sea
22046,forest
22048,glacier
22050,forest
22051,glacier
22054,glacier
22057,forest
22058,sea
22062,glacier
22063,street
22064,street
22065,sea
22066,sea
22068,glacier
22070,glacier
22071,forest
22072,mountain
22073,sea
22074,forest
22076,buildings
22078,sea
22079,sea
22082,sea
22083,glacier
22085,mountain
22086,glacier
22087,forest
22088,forest
22089,forest
22090,sea
22091,sea
22092,forest
22093,sea
22095,mountain
22096,mountain
22097,forest
22098,buildings
22099,sea
22100,glacier
22101,sea
22102,glacier
22103,glacier
22104,mountain
22105,forest
22107,mountain
22109,glacier
22110,forest
22111,forest
22112,glacier
22115,sea
22116,forest
22117,mountain
22119,street
22120,glacier
22121,sea
22123,glacier
22124,glacier
22125,sea
22126,sea
22127,forest
22128,forest
22129,buildings
22130,glacier
22132,street
22133,sea
22134,forest
22136,mountain
22137,glacier
22138,sea
22139,sea
22140,mountain
22141,sea
22143,glacier
22144,forest
22145,sea
22147,sea
22149,forest
22150,sea
22152,sea
22153,street
22154,street
22156,mountain
22157,mountain
22158,mountain
22159,sea
22160,sea
22161,glacier
22162,glacier
22163,sea
22165,mountain
22166,forest
22167,forest
22168,sea
22169,forest
22171,forest
22172,street
22173,glacier
22175,forest
22176,sea
22177,forest
22179,forest
22180,sea
22182,glacier
22183,forest
22184,glacier
22185,glacier
22186,sea
22187,buildings
22188,mountain
22189,forest
22191,sea
22192,mountain
22193,sea
22196,street
22197,forest
22198,forest
22199,mountain
22200,forest
22201,forest
22202,mountain
22203,mountain
22204,forest
22205,glacier
22207,sea
22208,forest
22209,sea
22210,sea
22212,glacier
22214,mountain
22215,glacier
22216,street
22219,sea
22220,glacier
22221,mountain
22222,glacier
22223,sea
22227,sea
22228,mountain
22230,sea
22231,glacier
22232,forest
22233,buildings
22234,glacier
22235,glacier
22237,glacier
22239,street
22240,sea
22241,sea
22243,forest
22245,forest
22246,forest
22247,forest
22249,sea
22250,street
22251,mountain
22252,mountain
22253,mountain
22254,glacier
22255,glacier
22256,glacier
22257,forest
22258,sea
22259,street
22260,mountain
22261,mountain
22262,mountain
22264,glacier
22265,sea
22266,glacier
22267,mountain
22268,forest
22269,street
22271,glacier
22272,glacier
22273,glacier
22276,sea
22277,mountain
22278,forest
22279,glacier
22280,street
22283,mountain
22284,buildings
22286,sea
22289,forest
22290,sea
22291,street
22293,forest
22294,glacier
22295,glacier
22296,street
22299,forest
22301,sea
22304,mountain
22306,mountain
22307,forest
22308,forest
22309,mountain
22310,sea
22311,forest
22314,street
22315,glacier
22316,buildings
22317,sea
22318,glacier
22320,sea
22321,glacier
22322,forest
22325,sea
22326,sea
22328,sea
22329,mountain
22330,sea
22331,forest
22335,mountain
22336,forest
22337,sea
22338,sea
22339,sea
22340,sea
22341,buildings
22342,forest
22343,sea
22345,forest
22346,mountain
22347,street
22349,sea
22350,sea
22351,mountain
22353,sea
22354,glacier
22355,sea
22356,sea
22357,forest
22358,glacier
22360,buildings
22362,forest
22366,forest
22368,glacier
22369,street
22370,street
22372,forest
22373,forest
22374,sea
22375,street
22376,sea
22377,forest
22378,glacier
22379,street
22380,forest
22382,mountain
22383,sea
22384,mountain
22385,glacier
22386,forest
22387,mountain
22388,sea
22389,glacier
22390,glacier
22391,glacier
22393,sea
22394,forest
22398,mountain
22399,glacier
22400,forest
22401,sea
22405,mountain
22406,street
22408,street
22409,mountain
22410,forest
22411,sea
22412,street
22414,sea
22415,mountain
22416,forest
22417,glacier
22420,street
22421,mountain
22423,glacier
22424,glacier
22425,forest
22426,street
22427,forest
22428,mountain
22431,mountain
22432,mountain
22433,sea
22434,sea
22436,sea
22437,mountain
22438,sea
22439,glacier
22440,street
22441,sea
22442,street
22444,mountain
22446,sea
22447,street
22448,sea
22450,forest
22451,mountain
22452,forest
22453,mountain
22455,mountain
22457,forest
22458,mountain
22459,glacier
22460,street
22461,street
22462,buildings
22464,sea
22465,sea
22467,glacier
22469,sea
22470,glacier
22471,glacier
22472,forest
22473,sea
22475,mountain
22476,forest
22478,glacier
22479,sea
22481,glacier
22483,mountain
22484,forest
22486,mountain
22487,mountain
22488,mountain
22490,forest
22491,sea
22493,forest
22494,mountain
22495,glacier
22496,sea
22500,glacier
22501,glacier
22502,glacier
22503,glacier
22504,mountain
22506,glacier
22508,sea
22510,mountain
22511,mountain
22512,mountain
22513,forest
22514,forest
22515,sea
22516,mountain
22517,forest
22518,glacier
22520,mountain
22522,mountain
22525,glacier
22526,mountain
22527,street
22528,forest
22531,sea
22534,forest
22536,mountain
22537,mountain
22538,sea
22539,glacier
22540,forest
22542,sea
22543,glacier
22545,sea
22546,mountain
22547,mountain
22550,forest
22552,forest
22553,glacier
22555,glacier
22556,sea
22557,glacier
22558,buildings
22562,forest
22563,street
22564,sea
22565,sea
22567,mountain
22568,mountain
22569,sea
22570,sea
22571,forest
22572,forest
22574,glacier
22575,sea
22576,street
22577,forest
22580,sea
22581,street
22583,mountain
22585,sea
22586,forest
22587,mountain
22588,forest
22589,glacier
22592,mountain
22593,street
22595,forest
22596,glacier
22597,forest
22598,mountain
22599,forest
226,forest
22600,mountain
22602,mountain
22603,forest
22606,glacier
22608,sea
22609,glacier
22614,sea
22616,sea
22617,mountain
22619,forest
22620,sea
22623,sea
22624,forest
22625,mountain
22626,forest
22628,glacier
22629,forest
22631,sea
22632,mountain
22633,forest
22634,sea
22635,sea
22636,mountain
22637,sea
22639,sea
22640,forest
22642,mountain
22643,forest
22644,forest
22645,street
22646,sea
22647,glacier
22648,glacier
22650,forest
22652,forest
22653,forest
22654,forest
22655,forest
22656,glacier
22657,glacier
22660,mountain
22661,sea
22663,mountain
22664,glacier
22665,forest
22666,sea
22667,sea
22668,glacier
22669,mountain
22670,glacier
22671,glacier
22672,glacier
22673,forest
22675,sea
22676,sea
22677,glacier
22678,sea
22679,mountain
22681,glacier
22683,sea
22685,mountain
22686,sea
22687,glacier
22688,forest
22689,forest
22690,glacier
22691,sea
22692,mountain
22694,glacier
22695,glacier
22696,forest
22699,glacier
22700,mountain
22702,forest
22703,sea
22705,sea
22706,buildings
22707,forest
22708,glacier
22709,glacier
22710,mountain
22711,forest
22712,sea
22716,sea
22717,glacier
22718,sea
22719,sea
22720,mountain
22721,sea
22722,glacier
22723,sea
22724,mountain
22725,street
22727,mountain
22730,sea
22731,forest
22732,glacier
22734,mountain
22735,street
22736,sea
22737,street
22738,forest
22740,glacier
22741,sea
22742,mountain
22745,glacier
22746,forest
22747,glacier
22748,forest
22753,forest
22754,glacier
22755,mountain
22756,street
22759,buildings
22760,sea
22761,mountain
22763,forest
22764,glacier
22765,mountain
22766,sea
22767,mountain
22768,forest
22769,mountain
22771,forest
22774,forest
22775,sea
22776,glacier
22777,forest
22778,mountain
22779,street
22780,glacier
22782,glacier
22784,forest
22786,glacier
22789,forest
22790,sea
22797,mountain
22799,glacier
22800,sea
22801,sea
22804,mountain
22805,forest
22807,sea
22809,glacier
22810,sea
22811,mountain
22812,glacier
22813,forest
22814,sea
22817,glacier
22818,glacier
22819,forest
22820,mountain
22821,glacier
22822,sea
22823,street
22824,sea
22826,street
22827,glacier
22829,glacier
22830,mountain
22831,sea
22832,sea
22833,forest
22834,sea
22836,mountain
22837,glacier
22839,forest
22842,glacier
22843,sea
22844,sea
22845,forest
22846,mountain
22847,forest
22848,mountain
22849,sea
22850,forest
22851,mountain
22852,mountain
22854,forest
22855,mountain
22856,street
22857,sea
22858,mountain
22859,street
22860,glacier
22862,forest
22864,sea
22866,mountain
22867,sea
22868,sea
22869,forest
22870,glacier
22871,sea
22875,sea
22876,glacier
22877,sea
22879,forest
22881,glacier
22882,glacier
22883,sea
22884,mountain
22885,mountain
22886,street
22887,forest
22890,sea
22891,glacier
22893,sea
22895,glacier
22896,mountain
22897,forest
22898,street
22899,forest
22900,forest
22903,street
22907,sea
22908,mountain
22911,forest
22912,glacier
22913,glacier
22915,sea
22917,forest
22919,sea
22920,mountain
22921,sea
22924,glacier
22925,mountain
22927,sea
22928,sea
22930,sea
22933,forest
22934,glacier
22935,street
22936,glacier
22938,street
22941,street
22942,mountain
22943,mountain
22944,forest
22947,forest
22948,sea
22949,sea
22950,mountain
22951,glacier
22952,street
22953,glacier
22954,glacier
22955,forest
22956,mountain
22958,mountain
22959,glacier
22960,forest
22961,sea
22962,sea
22963,glacier
22964,sea
22965,glacier
22966,glacier
22967,buildings
22969,glacier
22970,forest
22971,street
22973,forest
22974,glacier
22976,glacier
22977,glacier
22978,glacier
22980,mountain
22982,sea
22983,glacier
22986,forest
22987,forest
22988,street
22989,glacier
22990,forest
22991,sea
22992,sea
22993,forest
22994,glacier
22995,forest
22996,mountain
22997,sea
22998,mountain
23001,mountain
23002,sea
23003,glacier
23004,sea
23005,sea
23006,glacier
23008,glacier
23009,forest
23011,forest
23012,glacier
23014,mountain
23016,glacier
23018,glacier
23022,glacier
23023,mountain
23024,mountain
23026,mountain
23027,sea
23031,mountain
23032,forest
23033,sea
23036,glacier
23037,sea
23040,sea
23041,sea
23042,glacier
23044,glacier
23045,glacier
23047,glacier
23048,glacier
23049,glacier
23051,forest
23052,forest
23053,forest
23055,buildings
23058,glacier
23060,glacier
23061,sea
23062,mountain
23065,forest
23067,forest
23068,street
23069,sea
23070,street
23072,sea
23073,street
23075,sea
23076,forest
23079,forest
23084,forest
23087,street
23088,forest
23089,sea
23090,forest
23091,mountain
23093,forest
23094,forest
23096,glacier
23097,mountain
23098,glacier
23100,mountain
23101,forest
23102,forest
23103,mountain
23104,buildings
23105,glacier
23106,glacier
23107,sea
23108,sea
23109,forest
23110,forest
23111,mountain
23114,mountain
23116,sea
23117,mountain
23118,street
23119,glacier
23122,forest
23123,mountain
23124,sea
23125,glacier
23126,mountain
23127,mountain
23130,sea
23131,glacier
23133,street
23135,sea
23136,forest
23137,glacier
23138,mountain
23139,street
23141,mountain
23143,forest
23144,buildings
23148,forest
23149,glacier
23150,glacier
23151,mountain
23153,mountain
23154,sea
23155,glacier
23156,forest
23157,glacier
23159,glacier
23160,forest
23161,glacier
23162,sea
23163,street
23164,glacier
23165,mountain
23166,sea
23167,forest
23169,mountain
23171,mountain
23172,sea
23174,forest
23175,sea
23176,mountain
23177,sea
23179,glacier
23180,mountain
23181,forest
23182,street
23183,street
23185,forest
23186,glacier
23187,mountain
23188,sea
23189,sea
23191,glacier
23192,glacier
23193,forest
23194,mountain
23195,forest
23201,mountain
23205,forest
23207,sea
23208,sea
23209,sea
23210,mountain
23211,street
23212,forest
23213,street
23215,glacier
23218,glacier
23219,street
23220,street
23221,glacier
23222,glacier
23223,glacier
23224,buildings
23225,street
23226,glacier
23227,forest
23228,glacier
23229,sea
23230,glacier
23232,mountain
23233,street
23234,buildings
23236,mountain
23237,glacier
23240,street
23241,forest
23242,sea
23243,mountain
23244,forest
23245,glacier
23246,sea
23247,sea
23248,buildings
23250,mountain
23253,street
23254,sea
23255,street
23256,sea
23257,glacier
23259,forest
23260,street
23261,forest
23262,sea
23263,forest
23265,mountain
23266,sea
23268,forest
23269,mountain
23270,sea
23271,forest
23272,glacier
23273,street
23274,mountain
23275,glacier
23276,forest
23277,sea
23280,mountain
23281,mountain
23282,glacier
23283,mountain
23284,glacier
23285,mountain
23286,mountain
23287,forest
23289,street
23290,forest
23291,mountain
23292,glacier
23293,mountain
23294,sea
23295,sea
23296,sea
23297,buildings
23298,sea
23299,forest
23301,glacier
23304,mountain
23306,mountain
23308,sea
23309,forest
23310,mountain
23312,mountain
23314,forest
23315,forest
23316,mountain
23317,sea
23318,forest
23319,mountain
23320,sea
23321,glacier
23322,forest
23324,mountain
23325,glacier
23327,mountain
23328,mountain
23329,glacier
23332,mountain
23333,mountain
23334,sea
23336,sea
23337,street
23338,sea
23339,sea
23342,glacier
23343,glacier
23344,forest
23346,glacier
23348,glacier
23349,buildings
23351,sea
23353,glacier
23355,sea
23359,forest
23360,forest
23361,glacier
23362,sea
23363,mountain
23365,glacier
23366,street
23367,sea
23368,sea
23369,glacier
23370,sea
23371,forest
23373,forest
23375,mountain
23376,forest
23377,forest
23380,forest
23381,glacier
23382,sea
23383,sea
23384,sea
23385,street
23386,forest
23387,sea
23388,mountain
23389,forest
23390,forest
23392,glacier
23393,mountain
23398,glacier
23400,forest
23401,mountain
23402,glacier
23404,forest
23405,forest
23406,forest
23407,street
23408,mountain
23409,buildings
23411,street
23413,sea
23416,glacier
23417,mountain
23418,glacier
23419,mountain
23420,street
23421,sea
23423,glacier
23427,mountain
23428,mountain
23429,forest
23430,forest
23431,glacier
23432,mountain
23433,glacier
23435,street
23436,forest
23437,sea
23441,forest
23442,sea
23443,sea
23444,mountain
23445,sea
23446,mountain
23447,forest
23448,glacier
23450,sea
23451,sea
23452,sea
23453,sea
23454,street
23455,mountain
23456,forest
23457,glacier
23458,mountain
23459,sea
23461,sea
23462,forest
23463,street
23464,buildings
23465,forest
23466,glacier
23469,sea
23470,mountain
23471,street
23472,street
23473,street
23474,mountain
23475,forest
23476,forest
23477,mountain
23478,sea
23481,glacier
23484,sea
23486,forest
23487,sea
23489,glacier
23490,glacier
23491,forest
23492,sea
23495,mountain
23496,sea
23497,glacier
23498,street
23499,street
23502,forest
23503,forest
23505,buildings
23507,sea
23509,forest
23510,sea
23511,glacier
23512,sea
23515,glacier
23516,mountain
23520,sea
23521,sea
23522,glacier
23527,sea
23528,forest
23529,sea
23530,street
23531,forest
23534,forest
23535,glacier
23536,mountain
23537,glacier
23538,mountain
23540,sea
23541,forest
23542,buildings
23543,sea
23547,sea
23548,sea
23549,glacier
23550,buildings
23551,sea
23552,sea
23554,mountain
23555,glacier
23557,street
23559,mountain
23560,sea
23562,mountain
23563,mountain
23564,buildings
23565,mountain
23567,mountain
23570,glacier
23573,glacier
23574,glacier
23575,sea
23576,forest
23577,forest
23578,sea
23579,glacier
23584,glacier
23585,mountain
23586,street
23587,mountain
23588,glacier
23589,glacier
23590,glacier
23591,forest
23593,glacier
23594,sea
23596,glacier
23597,street
23598,forest
23600,forest
23603,street
23604,glacier
23606,sea
23608,mountain
23609,forest
23610,glacier
23611,street
23612,sea
23613,forest
23616,glacier
23617,street
23619,mountain
23620,sea
23623,glacier
23624,sea
23625,sea
23628,buildings
23629,glacier
23630,glacier
23632,forest
23633,street
23635,mountain
23636,sea
23637,mountain
23638,mountain
23639,glacier
23640,street
23641,glacier
23642,forest
23643,mountain
23644,glacier
23647,glacier
23648,sea
23649,sea
23652,glacier
23653,glacier
23655,sea
23656,glacier
23657,forest
23658,sea
23659,mountain
23660,mountain
23661,sea
23663,forest
23667,street
23668,forest
23669,forest
23675,mountain
23676,glacier
23677,street
23678,mountain
23679,glacier
23681,forest
23682,glacier
23683,forest
23684,glacier
23686,glacier
23687,mountain
23688,forest
23689,mountain
23692,street
23694,forest
23695,street
23697,mountain
23698,forest
23700,forest
23702,mountain
23703,glacier
23705,sea
23707,forest
23708,sea
23709,forest
23710,glacier
23711,mountain
23712,street
23713,forest
23714,street
23715,street
23716,mountain
23717,forest
23718,sea
23721,street
23723,forest
23724,street
23725,glacier
23726,glacier
23727,mountain
23728,forest
23729,sea
23731,glacier
23733,mountain
23734,sea
23735,glacier
23736,mountain
23737,buildings
23738,forest
23739,mountain
23741,glacier
23743,forest
23744,buildings
23745,street
23746,mountain
23747,forest
23748,glacier
23749,glacier
23750,sea
23753,glacier
23756,street
23757,mountain
23758,mountain
23759,mountain
23760,forest
23761,street
23762,street
23764,forest
23766,street
23769,glacier
23771,sea
23773,street
23774,sea
23775,sea
23776,sea
23779,glacier
23780,glacier
23781,forest
23782,forest
23783,mountain
23785,glacier
23786,glacier
23791,street
23792,sea
23793,sea
23794,forest
23795,mountain
23796,glacier
23797,sea
23798,forest
23801,sea
23804,glacier
23806,sea
23807,forest
23808,mountain
2381,forest
23810,street
23812,glacier
23813,forest
23814,street
23815,glacier
23816,sea
23817,forest
23818,sea
23819,glacier
23821,sea
23822,glacier
23825,glacier
23826,mountain
23829,forest
23830,sea
23833,glacier
23835,forest
23837,street
23838,sea
23841,glacier
23843,glacier
23845,sea
23846,buildings
23848,sea
23851,glacier
23852,forest
23853,forest
23854,forest
23855,mountain
23859,forest
23860,forest
23861,sea
23862,forest
23865,mountain
23866,street
23867,glacier
23868,forest
23869,glacier
23870,glacier
23871,glacier
23872,forest
23873,forest
23874,forest
23875,forest
23876,forest
23877,forest
23879,mountain
23883,street
23884,mountain
23885,sea
23886,buildings
23888,glacier
23889,mountain
23890,forest
23892,street
23896,mountain
23898,mountain
23899,glacier
23900,sea
23901,sea
23902,mountain
23903,street
23906,glacier
23907,street
23908,sea
23909,mountain
23910,glacier
23912,sea
23915,sea
23918,street
23919,forest
2392,forest
23920,glacier
23923,mountain
23925,forest
23926,street
23927,glacier
23928,sea
23929,sea
23930,sea
23931,forest
23932,street
23933,forest
23935,street
23936,sea
23937,forest
23938,street
23939,glacier
23942,mountain
23943,mountain
23945,street
23947,sea
23948,street
23949,sea
23950,forest
23951,glacier
23952,forest
23955,mountain
23956,glacier
23958,glacier
23959,forest
23961,street
23962,sea
23964,forest
23965,mountain
23967,forest
23968,forest
23969,glacier
23972,buildings
23973,mountain
23974,glacier
23975,mountain
23976,glacier
23977,glacier
23978,mountain
23979,forest
23981,forest
23982,mountain
23984,forest
23986,mountain
23987,forest
23988,glacier
23989,mountain
2399,forest
23990,sea
23993,mountain
23995,glacier
23997,street
23998,street
24000,glacier
24001,glacier
24004,mountain
24005,forest
24006,mountain
24007,street
24008,glacier
24009,forest
24010,forest
24011,glacier
24013,mountain
24016,glacier
24017,sea
24018,sea
24019,forest
24020,mountain
24021,mountain
24022,sea
24023,street
24024,street
24026,forest
24027,sea
24029,glacier
24032,mountain
24033,forest
24034,glacier
24036,mountain
24037,glacier
24039,forest
24040,glacier
24041,sea
24043,mountain
24044,sea
24045,sea
24047,street
24049,glacier
24050,forest
24051,sea
24052,forest
24053,sea
24055,sea
24056,glacier
24057,forest
24058,glacier
24059,glacier
24060,glacier
24062,glacier
24063,buildings
24066,mountain
24070,mountain
24072,forest
24073,glacier
24075,mountain
24076,street
24077,mountain
24078,glacier
24080,mountain
24082,street
24083,forest
24085,glacier
24086,sea
24087,mountain
24088,mountain
24091,forest
24094,sea
24095,forest
24096,sea
24097,forest
24098,forest
24099,sea
241 - Copy - Copy,forest
2410,forest
24100,street
24101,sea
24103,glacier
24106,mountain
24107,forest
24108,forest
24109,glacier
24110,street
24111,glacier
24112,sea
24113,sea
24115,sea
24118,street
24119,street
24120,sea
24122,sea
24123,sea
24124,street
24126,mountain
24127,sea
24128,glacier
24129,sea
24130,forest
24131,mountain
24132,sea
24133,street
24135,mountain
24136,mountain
24137,forest
24138,forest
24139,forest
24141,mountain
24143,forest
24145,sea
24146,mountain
24147,sea
24149,street
24150,glacier
24152,sea
24153,sea
24154,mountain
24155,glacier
24158,sea
24159,forest
24160,street
24161,glacier
24163,glacier
24165,mountain
24166,mountain
24167,mountain
24169,mountain
24170,glacier
24171,glacier
24172,mountain
24173,glacier
24174,mountain
24175,street
24176,mountain
24177,forest
24178,street
24179,forest
24180,forest
24181,sea
24184,forest
24185,mountain
24186,sea
24187,forest
24189,mountain
24190,glacier
24193,glacier
24195,mountain
24196,glacier
24197,mountain
24198,glacier
24199,forest
24200,mountain
24201,sea
24203,mountain
24204,sea
24205,glacier
24206,sea
24207,glacier
24208,street
24209,mountain
24211,sea
24212,street
24213,sea
24214,glacier
24215,glacier
24218,glacier
24219,glacier
24220,forest
24221,glacier
24222,forest
24223,mountain
24224,forest
24226,forest
24228,forest
24229,forest
24230,street
24231,sea
24234,forest
24235,mountain
24236,glacier
24237,mountain
24239,forest
24241,forest
24242,glacier
24244,street
24245,mountain
24246,glacier
24247,mountain
24248,mountain
24249,glacier
24250,forest
24251,forest
24252,sea
24254,sea
24256,sea
24258,sea
24260,forest
24261,glacier
24262,sea
24263,glacier
24264,street
24265,sea
24266,glacier
24267,glacier
24268,forest
24269,mountain
24270,street
24271,mountain
24273,sea
24274,sea
24275,glacier
24277,sea
24279,buildings
24280,mountain
24282,glacier
24283,mountain
24284,forest
24285,forest
24286,forest
24287,mountain
24290,forest
24292,street
24294,glacier
24295,mountain
24297,street
24299,sea
24300,street
24301,street
24304,glacier
24309,glacier
24310,glacier
24311,glacier
24312,forest
24313,forest
24314,forest
24315,sea
24317,sea
24319,forest
24320,sea
24321,mountain
24322,glacier
24323,mountain
24324,street
24325,glacier
24328,mountain
24329,sea
24332,street
24334,street
2468,sea
2496,forest
250 - Copy - Copy,street
2617 - Copy,mountain
2638,forest
2655,forest
2670 - Copy,glacier
272 - Copy - Copy,street
279 - Copy (2) - Copy,forest
281 - Copy - Copy,sea
2831,forest
2874 - Copy,glacier
289 - Copy (2) - Copy,glacier
2892,forest
2893,mountain
2900,glacier
2902 - Copy,glacier
2909,forest
2914,mountain
2959 - Copy,forest
2961 - Copy,mountain
2973 - Copy,buildings
2985 - Copy,mountain
3040 - Copy,forest
3055,forest
307 - Copy (2) - Copy,glacier
3082 - Copy,sea
3086 - Copy,glacier
3091 - Copy,forest
3092,forest
3100,buildings
3108 - Copy,glacier
311 - Copy (2) - Copy,forest
3110 - Copy,street
3130,sea
3211,forest
3216 - Copy,sea
3287 - Copy (2) - Copy,glacier
3299 - Copy (2) - Copy,glacier
3361 - Copy,forest
3375 - Copy (2) - Copy,glacier
3381 - Copy,sea
3426 - Copy,sea
3470 - Copy,sea
3512 - Copy (2) - Copy,glacier
3519 - Copy (2) - Copy,glacier
3521 - Copy (2) - Copy,glacier
3585 - Copy (2) - Copy,sea
3586 - Copy (2) - Copy,glacier
3601 - Copy,mountain
3607 - Copy,glacier
3615 - Copy,forest
3623 - Copy,forest
3628 - Copy,sea
3631 - Copy (2) - Copy,glacier
3647 - Copy (2) - Copy,glacier
370 - Copy - Copy,street
3723 - Copy - Copy,glacier
373 - Copy - Copy,street
3740 - Copy - Copy,street
3759 - Copy (2) - Copy,glacier
3761 - Copy (2) - Copy,sea
3769 - Copy (2) - Copy,glacier
3843 - Copy (2) - Copy,street
3848 - Copy (2) - Copy,sea
3864 - Copy (2) - Copy,glacier
3899 - Copy - Copy,sea
3901 - Copy - Copy,forest
401 - Copy,street
402 - Copy - Copy - Copy,mountain
405,forest
4090 - Copy - Copy,forest
414 - Copy - Copy - Copy,mountain
415 - Copy - Copy - Copy,sea
421 - Copy (2) - Copy,buildings
4230 - Copy - Copy,street
4427 - Copy - Copy,street
4629 - Copy - Copy,forest
4828 - Copy - Copy,glacier
483,sea
4833 - Copy - Copy,forest
4868 - Copy - Copy,street
4872 - Copy - Copy,forest
488 - Copy,mountain
4887 - Copy (2) - Copy,glacier
4937 - Copy (2) - Copy,glacier
506 - Copy,mountain
508 - Copy,glacier
510 - Copy - Copy,glacier
5209 - Copy (2) - Copy,sea
5210 - Copy (2) - Copy,glacier
5226 - Copy (2) - Copy,buildings
526 - Copy,street
5262 - Copy (2) - Copy,glacier
5300 - Copy (2) - Copy,glacier
534,forest
535 - Copy - Copy,mountain
5350 - Copy (2) - Copy,forest
542 - Copy (2) - Copy,glacier
5425 - Copy (2) - Copy,mountain
545,forest
5494 - Copy (2) - Copy,sea
5521 - Copy,mountain
5586 - Copy (2) - Copy,glacier
559 - Copy (2) - Copy,sea
569 - Copy - Copy,mountain
5692 - Copy,mountain
5698 - Copy,glacier
5719 - Copy,glacier
5743 - Copy - Copy - Copy,forest
576 - Copy - Copy,forest
5798 - Copy - Copy - Copy,sea
5866 - Copy,forest
5869 - Copy,mountain
5886 - Copy,forest
5890 - Copy,mountain
5918 - Copy,mountain
5960 - Copy,mountain
6005 - Copy,sea
6037 - Copy - Copy (3),forest
6045 - Copy,mountain
6054 - Copy,glacier
6070 - Copy,mountain
6079 - Copy,mountain
611 - Copy (2) - Copy,glacier
6131,forest
6151 - Copy,sea
6153,sea
6161,sea
624 - Copy - Copy,street
6256 - Copy,glacier
6276 - Copy,glacier
6278 - Copy,mountain
6330 - Copy,mountain
635 - Copy,mountain
6391 - Copy,mountain
6398 - Copy,mountain
641 - Copy - Copy,sea
642 - Copy - Copy,forest
6441,glacier
6480,mountain
6482 - Copy,mountain
651,street
652 - Copy - Copy,sea
6533,forest
6551,forest
6589 - Copy,mountain
6602 - Copy,mountain
6616,forest
6618,forest
6633 - Copy,buildings
6635 - Copy - Copy,street
6638 - Copy,mountain
6645 - Copy,mountain
6646,sea
6698 - Copy,mountain
670 - Copy - Copy,sea
6711 - Copy,sea
6766 - Copy,sea
679 - Copy (2) - Copy,glacier
6792 - Copy - Copy,street
6798 - Copy - Copy,sea
681 - Copy - Copy,glacier
6813 - Copy,mountain
6821 - Copy,mountain
6823,forest
6824,street
6836,street
688 - Copy - Copy,glacier
6887,forest
6895 - Copy (2) - Copy,glacier
6905 - Copy - Copy,mountain
6923 - Copy (2) - Copy,mountain
6928 - Copy (2) - Copy,mountain
6934 - Copy,sea
6937 - Copy (2) - Copy,sea
6944 - Copy,mountain
6968,mountain
6973 - Copy - Copy,mountain
6976 - Copy (2) - Copy,glacier
6977 - Copy - Copy,street
7006 - Copy - Copy,street
7007,forest
7017 - Copy (2) - Copy,street
703 - Copy,buildings
7047 - Copy,sea
7060 - Copy,mountain
7061 - Copy,mountain
7074 - Copy - Copy,mountain
7076,sea
7083 - Copy,mountain
7090 - Copy (2) - Copy,glacier
7091,mountain
7098 - Copy - Copy,sea
7116 - Copy - Copy,street
7122 - Copy (2) - Copy,sea
715 - Copy - Copy,street
7178 - Copy - Copy,forest
7202,sea
7206 - Copy (2) - Copy,glacier
7227,mountain
7239 - Copy (2) - Copy,sea
7251 - Copy (2) - Copy,glacier
7268 - Copy,mountain
7275 - Copy - Copy,sea
7276 - Copy,glacier
7278 - Copy,mountain
7289 - Copy,mountain
7293 - Copy - Copy,sea
7303 - Copy - Copy,street
7361 - Copy,forest
737 - Copy - Copy - Copy,mountain
739 - Copy,glacier
7397 - Copy - Copy,mountain
7404 - Copy - Copy,mountain
7427 - Copy - Copy,glacier
7428 - Copy - Copy,buildings
743 - Copy - Copy - Copy,mountain
748 - Copy - Copy - Copy,mountain
757,forest
7664 - Copy,sea
7669 - Copy,glacier
767 - Copy - Copy - Copy,glacier
771 - Copy - Copy - Copy,mountain
7713 - Copy,mountain
7735 - Copy,mountain
776 - Copy - Copy,sea
7764 - Copy,glacier
7775 - Copy,forest
780 - Copy (2) - Copy,sea
782 - Copy - Copy,street
786 - Copy - Copy,mountain
791 - Copy (2) - Copy,glacier
793 - Copy - Copy,sea
795 - Copy,forest
7961 - Copy,forest
80 - Copy - Copy,street
800 - Copy,glacier
8153 - Copy,mountain
8230 - Copy,sea
8278 - Copy,glacier
8344 - Copy,mountain
835 - Copy,sea
8375 - Copy,mountain
844 - Copy - Copy,mountain
8473 - Copy,sea
8477 - Copy,glacier
8499 - Copy,forest
8502 - Copy,sea
8509 - Copy,sea
855 - Copy (2) - Copy,street
8575 - Copy,sea
860 - Copy - Copy - Copy,sea
8605 - Copy,sea
8643 - Copy,glacier
8697 - Copy,glacier
872 - Copy - Copy,sea
877 - Copy (2) - Copy,glacier
878 - Copy,glacier
879 - Copy - Copy,glacier
884 - Copy,sea
886 - Copy - Copy,mountain
891 - Copy (2) - Copy,glacier
897 - Copy,forest
898 - Copy - Copy,street
904 - Copy,sea
907 - Copy - Copy,sea
91 - Copy - Copy,forest
925,forest
937 - Copy - Copy,street
938,mountain
9388 - Copy (2) - Copy,glacier
946 - Copy - Copy,forest
9490 - Copy (2) - Copy,sea
955 - Copy (2) - Copy,sea
9569 - Copy (2) - Copy,glacier
9571 - Copy (2) - Copy,glacier
9580 - Copy (2) - Copy,glacier
9597 - Copy - Copy,forest
965 - Copy (2) - Copy,glacier
9659 - Copy (2) - Copy,buildings
966,street
9714 - Copy (2) - Copy,glacier
972 - Copy - Copy - Copy,mountain
9726 - Copy (2) - Copy,glacier
974 - Copy - Copy,street
976 - Copy - Copy - Copy,mountain
978,forest
9807 - Copy,glacier
981 - Copy (2) - Copy,glacier
9892 - Copy - Copy,mountain
9893 - Copy (2) - Copy,glacier
9906 - Copy (2) - Copy,sea
991 - Copy,sea
9943 - Copy (2) - Copy,glacier
9951 - Copy (2) - Copy,glacier
997,forest
998 - Copy (2) - Copy,glacier
